Time,Channel A
(us),(V)

-0.00500000,0.63386950
0.00000000,0.62440870
0.00500000,0.62440870
0.01000000,0.62440870
0.01500000,0.62440870
0.02000000,0.62440870
0.02500000,0.62440870
0.03000000,0.62440870
0.03500000,0.62440870
0.04000000,0.62440870
0.04500000,0.62440870
0.05000000,0.62440870
0.05500000,0.62440870
0.06000000,0.62440870
0.06500000,0.62440870
0.07000000,0.62440870
0.07500000,0.62440870
0.08000000,0.62440870
0.08500000,0.62440870
0.09000000,0.62440870
0.09500000,0.62440870
0.10000000,0.62440870
0.10500000,0.62440870
0.11000000,0.62440870
0.11500000,0.62440870
0.12000000,0.62440870
0.12500000,0.62440870
0.13000000,0.62440870
0.13500000,0.62440870
0.14000000,0.62440870
0.14500000,0.62440870
0.15000000,0.62440870
0.15500000,0.62440870
0.16000000,0.62440870
0.16500000,0.62440870
0.17000000,0.62440870
0.17500000,0.62440870
0.18000000,0.62440870
0.18500000,0.62440870
0.19000000,0.62440870
0.19500000,0.62440870
0.20000000,0.62440870
0.20500000,0.62440870
0.21000000,0.62440870
0.21500000,0.62440870
0.22000000,0.62440870
0.22500000,0.62440870
0.23000000,0.62440870
0.23500000,0.62440870
0.24000000,0.62440870
0.24500000,0.62440870
0.25000000,0.62440870
0.25500000,0.62440870
0.26000000,0.62440870
0.26500000,0.62440870
0.27000000,0.62562940
0.27500000,0.63112280
0.28000000,0.60457170
0.28500000,0.54719690
0.29000000,0.54719690
0.29500000,0.60457170
0.30000000,0.63112280
0.30500000,0.62562940
0.31000000,0.62440870
0.31500000,0.62440870
0.32000000,0.62440870
0.32500000,0.62440870
0.33000000,0.62440870
0.33500000,0.62440870
0.34000000,0.62440870
0.34500000,0.62440870
0.35000000,0.62440870
0.35500000,0.62440870
0.36000000,0.62440870
0.36500000,0.62440870
0.37000000,0.62440870
0.37500000,0.62440870
0.38000000,0.62440870
0.38500000,0.62440870
0.39000000,0.62440870
0.39500000,0.62440870
0.40000000,0.62440870
0.40500000,0.62440870
0.41000000,0.62440870
0.41500000,0.62440870
0.42000000,0.62562940
0.42500000,0.63112280
0.43000000,0.60457170
0.43500000,0.54719690
0.44000000,0.54719690
0.44500000,0.60457170
0.45000000,0.63112280
0.45500000,0.62562940
0.46000000,0.62440870
0.46500000,0.62440870
0.47000000,0.62440870
0.47500000,0.62440870
0.48000000,0.62440870
0.48500000,0.62440870
0.49000000,0.62440870
0.49500000,0.62440870
0.50000000,0.62440870
0.50500000,0.62440870
0.51000000,0.62440870
0.51500000,0.62440870
0.52000000,0.62562940
0.52500000,0.63112280
0.53000000,0.60457170
0.53500000,0.54719690
0.54000000,0.54872280
0.54500000,0.61098060
0.55000000,0.61098060
0.55500000,0.54872280
0.56000000,0.54719690
0.56500000,0.60457170
0.57000000,0.63112280
0.57500000,0.62562940
0.58000000,0.62440870
0.58500000,0.62440870
0.59000000,0.62440870
0.59500000,0.62440870
0.60000000,0.62440870
0.60500000,0.62440870
0.61000000,0.62440870
0.61500000,0.62440870
0.62000000,0.62562940
0.62500000,0.63112280
0.63000000,0.60457170
0.63500000,0.54719690
0.64000000,0.54872280
0.64500000,0.61098060
0.65000000,0.61098060
0.65500000,0.54872280
0.66000000,0.54872280
0.66500000,0.61098060
0.67000000,0.61098060
0.67500000,0.54872280
0.68000000,0.54872280
0.68500000,0.61098060
0.69000000,0.61098060
0.69500000,0.54872280
0.70000000,0.54719690
0.70500000,0.60457170
0.71000000,0.63234350
0.71500000,0.63234350
0.72000000,0.60579240
0.72500000,0.55391100
0.73000000,0.52858060
0.73500000,0.53407390
0.74000000,0.53529470
0.74500000,0.53529470
0.75000000,0.53407390
0.75500000,0.52858060
0.76000000,0.55513170
0.76500000,0.61250650
0.77000000,0.61250650
0.77500000,0.55513170
0.78000000,0.52858060
0.78500000,0.53407390
0.79000000,0.53529470
0.79500000,0.53529470
0.80000000,0.53529470
0.80500000,0.53529470
0.81000000,0.53529470
0.81500000,0.53529470
0.82000000,0.53529470
0.82499999,0.53529470
0.82999999,0.53529470
0.83499999,0.53529470
0.83999999,0.53529470
0.84499999,0.53529470
0.84999999,0.53529470
0.85499999,0.53529470
0.85999999,0.53529470
0.86499999,0.53529470
0.86999999,0.53529470
0.87499999,0.53529470
0.87999999,0.53529470
0.88499999,0.53529470
0.88999999,0.53529470
0.89499999,0.53529470
0.89999999,0.53529470
0.90499999,0.53529470
0.90999999,0.53529470
0.91499999,0.53529470
0.91999999,0.53651540
0.92499999,0.54200880
0.92999999,0.51545760
0.93499999,0.45808280
0.93999999,0.45808280
0.94499999,0.51545760
0.94999999,0.54322950
0.95499999,0.54322950
0.95999999,0.51667840
0.96499999,0.46479690
0.96999999,0.43824580
0.97499999,0.43824580
0.97999999,0.46601760
0.98499999,0.52339240
0.98999999,0.52339240
0.99499999,0.46601760
0.99999999,0.43946650
1.00499999,0.44495990
1.00999999,0.44495990
1.01499999,0.43946650
1.01999999,0.46601760
1.02499999,0.52339240
1.02999999,0.52186650
1.03499999,0.45960880
1.03999999,0.45960880
1.04499999,0.52186650
1.04999999,0.52339240
1.05499999,0.46601760
1.05999999,0.43824580
1.06499999,0.43824580
1.06999999,0.46479690
1.07499999,0.51667840
1.07999999,0.54322950
1.08499999,0.54322950
1.08999999,0.51667840
1.09499999,0.46479690
1.09999999,0.43824580
1.10499999,0.43824580
1.10999999,0.46601760
1.11499999,0.52339240
1.11999999,0.52339240
1.12499999,0.46601760
1.12999999,0.43946650
1.13499999,0.44495990
1.13999999,0.44618060
1.14499999,0.44618060
1.14999999,0.44618060
1.15499999,0.44618060
1.15999999,0.44618060
1.16499999,0.44618060
1.16999999,0.44618060
1.17499999,0.44618060
1.17999999,0.44618060
1.18499999,0.44618060
1.18999999,0.44618060
1.19499999,0.44618060
1.19999999,0.44618060
1.20499999,0.44618060
1.20999999,0.44618060
1.21499999,0.44618060
1.21999999,0.44618060
1.22499999,0.44618060
1.22999999,0.44618060
1.23499999,0.44618060
1.23999999,0.44618060
1.24499999,0.44618060
1.24999999,0.44618060
1.25499999,0.44618060
1.25999999,0.44618060
1.26499999,0.44618060
1.26999999,0.44618060
1.27499999,0.44618060
1.27999999,0.44618060
1.28499999,0.44618060
1.28999999,0.44618060
1.29499999,0.44618060
1.29999999,0.44618060
1.30499999,0.44618060
1.30999999,0.44618060
1.31499999,0.44618060
1.31999999,0.44618060
1.32499999,0.44618060
1.32999999,0.44618060
1.33499999,0.44618060
1.33999999,0.44618060
1.34499999,0.44618060
1.34999999,0.44740130
1.35499999,0.45289470
1.35999999,0.42634360
1.36499999,0.36896880
1.36999999,0.37049470
1.37499999,0.43275250
1.37999999,0.43427840
1.38499999,0.37690360
1.38999999,0.35035250
1.39499999,0.35584580
1.39999999,0.35706660
1.40499999,0.35706660
1.40999999,0.35706660
1.41499999,0.35706660
1.41999999,0.35584580
1.42499999,0.35035250
1.42999999,0.37690360
1.43499999,0.43427840
1.43999999,0.43427840
1.44499999,0.37690360
1.44999999,0.34913180
1.45499999,0.34913180
1.45999999,0.37568290
1.46499999,0.42756430
1.46999999,0.45411540
1.47499999,0.45411540
1.47999999,0.42756430
1.48499999,0.37568290
1.48999999,0.35035250
1.49499999,0.35584580
1.49999999,0.35706660
1.50499999,0.35706660
1.50999999,0.35584580
1.51499999,0.35035250
1.51999999,0.37690360
1.52499999,0.43427840
1.52999999,0.43275250
1.53499999,0.37049470
1.53999999,0.37049470
1.54499999,0.43275250
1.54999999,0.43427840
1.55499999,0.37690360
1.55999999,0.35035250
1.56499999,0.35584580
1.56999999,0.35706660
1.57499999,0.35706660
1.57999999,0.35706660
1.58499999,0.35706660
1.58999999,0.35706660
1.59499999,0.35706660
1.59999999,0.35706660
1.60499999,0.35706660
1.60999999,0.35706660
1.61499999,0.35706660
1.61999999,0.35706660
1.62499999,0.35706660
1.62999999,0.35706660
1.63499999,0.35706660
1.63999999,0.35706660
1.64499999,0.35706660
1.64999999,0.35706660
1.65499999,0.35706660
1.65999999,0.35706660
1.66499999,0.35706660
1.66999999,0.35706660
1.67499999,0.35706660
1.67999999,0.35706660
1.68499999,0.35706660
1.68999999,0.35706660
1.69499999,0.35706660
1.69999999,0.35706660
1.70499999,0.35706660
1.70999999,0.35706660
1.71499999,0.35706660
1.71999999,0.35706660
1.72499999,0.35706660
1.72999999,0.35706660
1.73499999,0.35706660
1.73999999,0.35706660
1.74499999,0.35706660
1.74999999,0.35706660
1.75499999,0.35706660
1.75999999,0.35706660
1.76499999,0.35706660
1.76999999,0.35706660
1.77499999,0.35706660
1.77999999,0.35706660
1.78499999,0.35706660
1.78999999,0.35706660
1.79499999,0.35706660
1.79999999,0.35706660
1.80499999,0.35706660
1.80999999,0.35706660
1.81499999,0.35706660
1.81999999,0.35706660
1.82499999,0.35706660
1.82999999,0.35706660
1.83499999,0.35706660
1.83999999,0.35706660
1.84499999,0.35706660
1.84999999,0.35706660
1.85499999,0.35706660
1.85999999,0.35706660
1.86499999,0.35706660
1.86999999,0.35828730
1.87499999,0.36378060
1.87999999,0.33722950
1.88499999,0.27985470
1.88999999,0.27985470
1.89499999,0.33722950
1.89999999,0.36500140
1.90499999,0.36500140
1.90999999,0.33722950
1.91499999,0.27985470
1.91999999,0.28138070
1.92499999,0.34363840
1.92999999,0.34363840
1.93499999,0.28138070
1.93999999,0.28138070
1.94499999,0.34363840
1.94999999,0.34516430
1.95499999,0.28778960
1.95999999,0.26001770
1.96499999,0.26001770
1.96999999,0.28778960
1.97499999,0.34516430
1.97999999,0.34516430
1.98499999,0.28778960
1.98999999,0.26123850
1.99499999,0.26673180
1.99999999,0.26795250
2.00499999,0.26795250
2.00999999,0.26795250
2.01499999,0.26795250
2.01999999,0.26795250
2.02499999,0.26795250
2.02999999,0.26795250
2.03499999,0.26795250
2.03999999,0.26795250
2.04499999,0.26795250
2.04999999,0.26795250
2.05499999,0.26795250
2.05999999,0.26795250
2.06499999,0.26795250
2.06999999,0.26795250
2.07499999,0.26795250
2.07999999,0.26795250
2.08499999,0.26795250
2.08999999,0.26795250
2.09499999,0.26795250
2.09999999,0.26795250
2.10499999,0.26795250
2.10999999,0.26795250
2.11499999,0.26795250
2.11999999,0.26795250
2.12499999,0.26795250
2.12999999,0.26795250
2.13499999,0.26795250
2.13999999,0.26795250
2.14499999,0.26795250
2.14999999,0.26795250
2.15499999,0.26795250
2.15999999,0.26795250
2.16499999,0.26795250
2.16999999,0.26795250
2.17499999,0.26795250
2.17999999,0.26795250
2.18499999,0.26795250
2.18999999,0.26795250
2.19499999,0.26795250
2.19999999,0.26795250
2.20499999,0.26795250
2.20999999,0.26795250
2.21499999,0.26795250
2.21999999,0.26795250
2.22499999,0.26795250
2.22999999,0.26795250
2.23499999,0.26795250
2.23999999,0.26795250
2.24499999,0.26795250
2.24999999,0.26795250
2.25499999,0.26795250
2.25999999,0.26795250
2.26499999,0.26795250
2.26999999,0.26795250
2.27499999,0.26795250
2.27999999,0.26795250
2.28499999,0.26795250
2.28999999,0.26795250
2.29499999,0.26795250
2.29999999,0.26795250
2.30499999,0.26795250
2.30999999,0.26795250
2.31499999,0.26795250
2.31999999,0.26795250
2.32499999,0.26795250
2.32999999,0.26795250
2.33499999,0.26795250
2.33999999,0.26795250
2.34499999,0.26795250
2.34999999,0.26795250
2.35499999,0.26795250
2.35999999,0.26795250
2.36499999,0.26795250
2.36999999,0.26795250
2.37499999,0.26795250
2.37999999,0.26795250
2.38499999,0.26795250
2.38999999,0.26795250
2.39499999,0.26795250
2.39999999,0.26917330
2.40499999,0.27466660
2.40999999,0.24811550
2.41499999,0.19074070
2.41999999,0.19074070
2.42499999,0.24811550
2.42999999,0.27466660
2.43499999,0.26917330
2.43999999,0.26795250
2.44499999,0.26795250
2.44999999,0.26795250
2.45499999,0.26795250
2.45999999,0.26795250
2.46499999,0.26795250
2.46999998,0.26795250
2.47499998,0.26795250
2.47999998,0.26795250
2.48499998,0.26795250
2.48999998,0.26795250
2.49499998,0.26795250
2.49999998,0.26795250
2.50499998,0.26795250
2.50999998,0.26917330
2.51499998,0.27466660
2.51999998,0.24811550
2.52499998,0.19074070
2.52999998,0.19074070
2.53499998,0.24811550
2.53999998,0.27466660
2.54499998,0.26917330
2.54999998,0.26795250
2.55499998,0.26795250
2.55999998,0.26795250
2.56499998,0.26795250
2.56999998,0.26917330
2.57499998,0.27466660
2.57999998,0.24933620
2.58499998,0.19745480
2.58999998,0.17212440
2.59499998,0.17761770
2.59999998,0.17883850
2.60499998,0.17883850
2.60999998,0.17761770
2.61499998,0.17212440
2.61999998,0.19867550
2.62499998,0.25605030
2.62999998,0.25605030
2.63499998,0.19867550
2.63999998,0.17212440
2.64499998,0.17761770
2.64999998,0.17883850
2.65499998,0.17883850
2.65999998,0.17883850
2.66499998,0.17883850
2.66999998,0.17883850
2.67499998,0.17883850
2.67999998,0.18005920
2.68499998,0.18555250
2.68999998,0.15900140
2.69499998,0.10162660
2.69999998,0.10162660
2.70499998,0.15900140
2.70999998,0.18555250
2.71499998,0.18005920
2.71999998,0.17883850
2.72499998,0.17883850
2.72999998,0.17883850
2.73499998,0.17883850
2.73999998,0.17883850
2.74499998,0.17883850
2.74999998,0.17883850
2.75499998,0.17883850
2.75999998,0.17883850
2.76499998,0.17883850
2.76999998,0.17883850
2.77499998,0.17883850
2.77999998,0.18005920
2.78499998,0.18555250
2.78999998,0.16022220
2.79499998,0.10834070
2.79999998,0.08178961
2.80499998,0.08178961
2.80999998,0.10834070
2.81499998,0.16022220
2.81999998,0.18555250
2.82499998,0.18005920
2.82999998,0.18005920
2.83499998,0.18555250
2.83999998,0.15900140
2.84499998,0.10162660
2.84999998,0.10315260
2.85499998,0.16541030
2.85999998,0.16541030
2.86499998,0.10315260
2.86999998,0.10315260
2.87499998,0.16541030
2.87999998,0.16541030
2.88499998,0.10315260
2.88999998,0.10315260
2.89499998,0.16541030
2.89999998,0.16693620
2.90499998,0.10956150
2.90999998,0.08301035
2.91499998,0.08850368
2.91999998,0.08972442
2.92499998,0.08972442
2.92999998,0.08972442
2.93499998,0.08972442
2.93999998,0.08972442
2.94499998,0.08972442
2.94999998,0.08972442
2.95499998,0.08972442
2.95999998,0.08850368
2.96499998,0.08301035
2.96999998,0.10956150
2.97499998,0.16693620
2.97999998,0.16693620
2.98499998,0.10956150
2.98999998,0.08301035
2.99499998,0.08850368
2.99999998,0.08972442
3.00499998,0.08972442
3.00999998,0.08972442
3.01499998,0.08972442
3.01999998,0.08972442
3.02499998,0.08972442
3.02999998,0.08972442
3.03499998,0.08972442
3.03999998,0.08972442
3.04499998,0.08972442
3.04999998,0.08972442
3.05499998,0.08972442
3.05999998,0.08972442
3.06499998,0.08972442
3.06999998,0.08972442
3.07499998,0.08972442
3.07999998,0.08972442
3.08499998,0.08972442
3.08999998,0.08972442
3.09499998,0.08972442
3.09999998,0.08972442
3.10499998,0.08972442
3.10999998,0.08972442
3.11499998,0.08972442
3.11999998,0.08972442
3.12499998,0.08972442
3.12999998,0.08972442
3.13499998,0.08972442
3.13999998,0.08972442
3.14499998,0.08972442
3.14999998,0.08972442
3.15499998,0.08972442
3.15999998,0.08972442
3.16499998,0.08972442
3.16999998,0.08972442
3.17499998,0.08972442
3.17999998,0.08972442
3.18499998,0.08972442
3.18999998,0.08972442
3.19499998,0.08972442
3.19999998,0.08972442
3.20499998,0.08972442
3.20999998,0.09094516
3.21499998,0.09643849
3.21999998,0.06988738
3.22499998,0.01251259
3.22999998,0.01251259
3.23499998,0.06988738
3.23999998,0.09643849
3.24499998,0.09094516
3.24999998,0.08972442
3.25499998,0.08972442
3.25999998,0.08972442
3.26499998,0.08972442
3.26999998,0.08972442
3.27499998,0.08972442
3.27999998,0.09094516
3.28499998,0.09643849
3.28999998,0.07110813
3.29499998,0.01922666
3.29999998,-0.00732444
3.30499998,-0.00732444
3.30999998,0.01922666
3.31499998,0.07110813
3.31999998,0.09765923
3.32499998,0.09765923
3.32999998,0.07110813
3.33499998,0.01922666
3.33999998,-0.00732444
3.34499998,-0.00732444
3.34999998,0.02044740
3.35499998,0.07782220
3.35999998,0.07629628
3.36499998,0.01403851
3.36999998,0.01403851
3.37499998,0.07629628
3.37999998,0.07782220
3.38499998,0.02044740
3.38999998,-0.00732444
3.39499998,-0.00732444
3.39999998,0.02044740
3.40499998,0.07782220
3.40999998,0.07782220
3.41499998,0.02044740
3.41999998,-0.00610370
3.42499998,-0.00061037
3.42999998,0.00061037
3.43499998,0.00061037
3.43999998,0.00061037
3.44499998,0.00061037
3.44999998,0.00061037
3.45499998,0.00061037
3.45999998,0.00061037
3.46499998,0.00061037
3.46999998,0.00061037
3.47499998,0.00061037
3.47999998,0.00061037
3.48499998,0.00061037
3.48999998,0.00061037
3.49499998,0.00061037
3.49999998,0.00061037
3.50499998,0.00061037
3.50999998,0.00061037
3.51499998,0.00061037
3.51999998,0.00061037
3.52499998,0.00061037
3.52999998,0.00061037
3.53499998,0.00061037
3.53999998,0.00061037
3.54499998,0.00061037
3.54999998,0.00061037
3.55499998,0.00061037
3.55999998,0.00061037
3.56499998,0.00061037
3.56999998,0.00061037
3.57499998,0.00061037
3.57999998,0.00061037
3.58499998,0.00061037
3.58999998,0.00061037
3.59499998,0.00061037
3.59999998,0.00061037
3.60499998,0.00061037
3.60999998,0.00061037
3.61499998,0.00061037
3.61999998,0.00061037
3.62499998,0.00061037
3.62999998,0.00061037
3.63499998,0.00061037
3.63999998,0.00061037
3.64499998,0.00061037
3.64999998,0.00061037
3.65499998,0.00061037
3.65999998,0.00061037
3.66499998,0.00061037
3.66999998,0.00061037
3.67499998,0.00061037
3.67999998,0.00061037
3.68499998,0.00061037
3.68999998,0.00061037
3.69499998,0.00061037
3.69999998,0.00183111
3.70499998,0.00732444
3.70999998,-0.01922666
3.71499998,-0.07660146
3.71999998,-0.07660146
3.72499998,-0.01922666
3.72999998,0.00732444
3.73499998,0.00183111
3.73999998,0.00061037
3.74499998,0.00061037
3.74999998,0.00061037
3.75499998,0.00061037
3.75999998,0.00183111
3.76499998,0.00732444
3.76999998,-0.01922666
3.77499998,-0.07660146
3.77999998,-0.07660146
3.78499998,-0.01922666
3.78999998,0.00732444
3.79499998,0.00183111
3.79999998,0.00183111
3.80499998,0.00732444
3.80999998,-0.01800592
3.81499998,-0.06988738
3.81999998,-0.09521775
3.82499998,-0.08972442
3.82999998,-0.08850368
3.83499998,-0.08850368
3.83999998,-0.08850368
3.84499998,-0.08850368
3.84999998,-0.08850368
3.85499998,-0.08850368
3.85999998,-0.08850368
3.86499998,-0.08850368
3.86999998,-0.08850368
3.87499998,-0.08850368
3.87999998,-0.08972442
3.88499998,-0.09521775
3.88999998,-0.06866664
3.89499998,-0.01129185
3.89999998,-0.01129185
3.90499998,-0.06866664
3.90999998,-0.09521775
3.91499998,-0.08972442
3.91999998,-0.08850368
3.92499998,-0.08850368
3.92999998,-0.08850368
3.93499998,-0.08850368
3.93999998,-0.08850368
3.94499998,-0.08850368
3.94999998,-0.08850368
3.95499998,-0.08850368
3.95999998,-0.08850368
3.96499998,-0.08850368
3.96999998,-0.08850368
3.97499998,-0.08850368
3.97999998,-0.08850368
3.98499998,-0.08850368
3.98999998,-0.08850368
3.99499998,-0.08850368
3.99999998,-0.08850368
4.00499998,-0.08850368
4.00999998,-0.08850368
4.01499998,-0.08850368
4.01999998,-0.08850368
4.02499998,-0.08850368
4.02999998,-0.08850368
4.03499998,-0.08850368
4.03999998,-0.08850368
4.04499998,-0.08850368
4.04999998,-0.08850368
4.05499998,-0.08850368
4.05999998,-0.08850368
4.06499998,-0.08850368
4.06999998,-0.08850368
4.07499998,-0.08850368
4.07999998,-0.08850368
4.08499998,-0.08850368
4.08999998,-0.08850368
4.09499998,-0.08850368
4.09999998,-0.08850368
4.10499998,-0.08850368
4.10999998,-0.08850368
4.11499997,-0.08850368
4.11999997,-0.08850368
4.12499997,-0.08850368
4.12999997,-0.08850368
4.13499997,-0.08850368
4.13999997,-0.08850368
4.14499997,-0.08850368
4.14999997,-0.08850368
4.15499997,-0.08850368
4.15999997,-0.08850368
4.16499997,-0.08850368
4.16999997,-0.08850368
4.17499997,-0.08850368
4.17999997,-0.08850368
4.18499997,-0.08850368
4.18999997,-0.08850368
4.19499997,-0.08850368
4.19999997,-0.08850368
4.20499997,-0.08850368
4.20999997,-0.08850368
4.21499997,-0.08850368
4.21999997,-0.08850368
4.22499997,-0.08850368
4.22999997,-0.08850368
4.23499997,-0.08850368
4.23999997,-0.08850368
4.24499997,-0.08850368
4.24999997,-0.08850368
4.25499997,-0.08850368
4.25999997,-0.08728294
4.26499997,-0.08178961
4.26999997,-0.10834070
4.27499997,-0.16571550
4.27999997,-0.16418960
4.28499997,-0.10193180
4.28999997,-0.10193180
4.29499997,-0.16418960
4.29999997,-0.16571550
4.30499997,-0.10834070
4.30999997,-0.08178961
4.31499997,-0.08728294
4.31999997,-0.08850368
4.32499997,-0.08850368
4.32999997,-0.08850368
4.33499997,-0.08850368
4.33999997,-0.08728294
4.34499997,-0.08178961
4.34999997,-0.10834070
4.35499997,-0.16571550
4.35999997,-0.16571550
4.36499997,-0.10834070
4.36999997,-0.08056886
4.37499997,-0.08056886
4.37999997,-0.10712000
4.38499997,-0.15900140
4.38999997,-0.18433180
4.39499997,-0.17883850
4.39999997,-0.17761770
4.40499997,-0.17761770
4.40999997,-0.17761770
4.41499997,-0.17761770
4.41999997,-0.17761770
4.42499997,-0.17761770
4.42999997,-0.17761770
4.43499997,-0.17761770
4.43999997,-0.17761770
4.44499997,-0.17761770
4.44999997,-0.17761770
4.45499997,-0.17761770
4.45999997,-0.17883850
4.46499997,-0.18433180
4.46999997,-0.15900140
4.47499997,-0.10712000
4.47999997,-0.08056886
4.48499997,-0.08056886
4.48999997,-0.10712000
4.49499997,-0.15900140
4.49999997,-0.18433180
4.50499997,-0.17883850
4.50999997,-0.17761770
4.51499997,-0.17761770
4.51999997,-0.17761770
4.52499997,-0.17761770
4.52999997,-0.17761770
4.53499997,-0.17761770
4.53999997,-0.17761770
4.54499997,-0.17761770
4.54999997,-0.17761770
4.55499997,-0.17761770
4.55999997,-0.17761770
4.56499997,-0.17761770
4.56999997,-0.17761770
4.57499997,-0.17761770
4.57999997,-0.17761770
4.58499997,-0.17761770
4.58999997,-0.17761770
4.59499997,-0.17761770
4.59999997,-0.17761770
4.60499997,-0.17761770
4.60999997,-0.17761770
4.61499997,-0.17761770
4.61999997,-0.17761770
4.62499997,-0.17761770
4.62999997,-0.17761770
4.63499997,-0.17761770
4.63999997,-0.17761770
4.64499997,-0.17761770
4.64999997,-0.17639700
4.65499997,-0.17090370
4.65999997,-0.19745480
4.66499997,-0.25482960
4.66999997,-0.25482960
4.67499997,-0.19745480
4.67999997,-0.17090370
4.68499997,-0.17639700
4.68999997,-0.17761770
4.69499997,-0.17761770
4.69999997,-0.17639700
4.70499997,-0.17090370
4.70999997,-0.19745480
4.71499997,-0.25482960
4.71999997,-0.25482960
4.72499997,-0.19745480
4.72999997,-0.17090370
4.73499997,-0.17639700
4.73999997,-0.17639700
4.74499997,-0.17090370
4.74999997,-0.19623400
4.75499997,-0.24811550
4.75999997,-0.27466660
4.76499997,-0.27466660
4.76999997,-0.24689470
4.77499997,-0.18951990
4.77999997,-0.19104590
4.78499997,-0.25330360
4.78999997,-0.25330360
4.79499997,-0.19104590
4.79999997,-0.18951990
4.80499997,-0.24689470
4.80999997,-0.27344580
4.81499997,-0.26795250
4.81999997,-0.26673180
4.82499997,-0.26673180
4.82999997,-0.26673180
4.83499997,-0.26673180
4.83999997,-0.26673180
4.84499997,-0.26673180
4.84999997,-0.26673180
4.85499997,-0.26673180
4.85999997,-0.26795250
4.86499997,-0.27344580
4.86999997,-0.24689470
4.87499997,-0.18951990
4.87999997,-0.18951990
4.88499997,-0.24689470
4.88999997,-0.27344580
4.89499997,-0.26795250
4.89999997,-0.26673180
4.90499997,-0.26673180
4.90999997,-0.26673180
4.91499997,-0.26673180
4.91999997,-0.26673180
4.92499997,-0.26673180
4.92999997,-0.26673180
4.93499997,-0.26673180
4.93999997,-0.26673180
4.94499997,-0.26673180
4.94999997,-0.26673180
4.95499997,-0.26673180
4.95999997,-0.26673180
4.96499997,-0.26673180
4.96999997,-0.26673180
4.97499997,-0.26673180
4.97999997,-0.26673180
4.98499997,-0.26673180
4.98999997,-0.26673180
4.99499997,-0.26673180
4.99999997,-0.26673180
5.00499997,-0.26673180
5.00999997,-0.26673180
5.01499997,-0.26673180
5.01999997,-0.26673180
5.02499997,-0.26673180
5.02999997,-0.26673180
5.03499997,-0.26673180
5.03999997,-0.26673180
5.04499997,-0.26673180
5.04999997,-0.26673180
5.05499997,-0.26673180
5.05999997,-0.26673180
5.06499997,-0.26673180
5.06999997,-0.26673180
5.07499997,-0.26673180
5.07999997,-0.26673180
5.08499997,-0.26673180
5.08999997,-0.26673180
5.09499997,-0.26673180
5.09999997,-0.26673180
5.10499997,-0.26673180
5.10999997,-0.26673180
5.11499997,-0.26673180
5.11999997,-0.26673180
5.12499997,-0.26673180
5.12999997,-0.26673180
5.13499997,-0.26673180
5.13999997,-0.26673180
5.14499997,-0.26673180
5.14999997,-0.26673180
5.15499997,-0.26673180
5.15999997,-0.26551100
5.16499997,-0.26001770
5.16999997,-0.28656880
5.17499997,-0.34394360
5.17999997,-0.34394360
5.18499997,-0.28656880
5.18999997,-0.26001770
5.19499997,-0.26551100
5.19999997,-0.26673180
5.20499997,-0.26673180
5.20999997,-0.26673180
5.21499997,-0.26673180
5.21999997,-0.26673180
5.22499997,-0.26673180
5.22999997,-0.26673180
5.23499997,-0.26673180
5.23999997,-0.26673180
5.24499997,-0.26673180
5.24999997,-0.26673180
5.25499997,-0.26673180
5.25999997,-0.26551100
5.26499997,-0.26001770
5.26999997,-0.28656880
5.27499997,-0.34394360
5.27999997,-0.34241770
5.28499997,-0.28015990
5.28999997,-0.28015990
5.29499997,-0.34241770
5.29999997,-0.34394360
5.30499997,-0.28656880
5.30999997,-0.26001770
5.31499997,-0.26551100
5.31999997,-0.26551100
5.32499997,-0.26001770
5.32999997,-0.28656880
5.33499997,-0.34394360
5.33999997,-0.34394360
5.34499997,-0.28656880
5.34999997,-0.25879700
5.35499997,-0.25879700
5.35999997,-0.28656880
5.36499997,-0.34394360
5.36999997,-0.34241770
5.37499997,-0.28015990
5.37999997,-0.27863400
5.38499997,-0.33600880
5.38999997,-0.36378060
5.39499997,-0.36378060
5.39999997,-0.33600880
5.40499997,-0.27863400
5.40999997,-0.27863400
5.41499997,-0.33600880
5.41999997,-0.36255990
5.42499997,-0.35706660
5.42999997,-0.35584580
5.43499997,-0.35584580
5.43999997,-0.35584580
5.44499997,-0.35584580
5.44999997,-0.35584580
5.45499997,-0.35584580
5.45999997,-0.35584580
5.46499997,-0.35584580
5.46999997,-0.35584580
5.47499997,-0.35584580
5.47999997,-0.35584580
5.48499997,-0.35584580
5.48999997,-0.35584580
5.49499997,-0.35584580
5.49999997,-0.35584580
5.50499997,-0.35584580
5.50999997,-0.35584580
5.51499997,-0.35584580
5.51999997,-0.35584580
5.52499997,-0.35584580
5.52999997,-0.35584580
5.53499997,-0.35584580
5.53999997,-0.35584580
5.54499997,-0.35584580
5.54999997,-0.35584580
5.55499997,-0.35584580
5.55999997,-0.35584580
5.56499997,-0.35584580
5.56999997,-0.35584580
5.57499997,-0.35584580
5.57999997,-0.35584580
5.58499997,-0.35584580
5.58999997,-0.35584580
5.59499997,-0.35584580
5.59999997,-0.35584580
5.60499997,-0.35584580
5.60999997,-0.35584580
5.61499997,-0.35584580
5.61999997,-0.35584580
5.62499997,-0.35584580
5.62999997,-0.35584580
5.63499997,-0.35584580
5.63999997,-0.35584580
5.64499997,-0.35584580
5.64999997,-0.35584580
5.65499997,-0.35584580
5.65999997,-0.35584580
5.66499997,-0.35584580
5.66999997,-0.35584580
5.67499997,-0.35584580
5.67999997,-0.35584580
5.68499997,-0.35584580
5.68999997,-0.35584580
5.69499997,-0.35584580
5.69999997,-0.35584580
5.70499997,-0.35584580
5.70999997,-0.35584580
5.71499997,-0.35584580
5.71999997,-0.35584580
5.72499997,-0.35584580
5.72999997,-0.35584580
5.73499997,-0.35584580
5.73999997,-0.35584580
5.74499997,-0.35584580
5.74999997,-0.35584580
5.75499997,-0.35584580
5.75999996,-0.35584580
5.76499996,-0.35584580
5.76999996,-0.35584580
5.77499996,-0.35584580
5.77999996,-0.35584580
5.78499996,-0.35584580
5.78999996,-0.35584580
5.79499996,-0.35584580
5.79999996,-0.35584580
5.80499996,-0.35584580
5.80999996,-0.35584580
5.81499996,-0.35584580
5.81999996,-0.35584580
5.82499996,-0.35584580
5.82999996,-0.35584580
5.83499996,-0.35584580
5.83999996,-0.35584580
5.84499996,-0.35584580
5.84999996,-0.35584580
5.85499996,-0.35584580
5.85999996,-0.35584580
5.86499996,-0.35584580
5.86999996,-0.35584580
5.87499996,-0.35584580
5.87999996,-0.35584580
5.88499996,-0.35584580
5.88999996,-0.35584580
5.89499996,-0.35584580
5.89999996,-0.35584580
5.90499996,-0.35584580
5.90999996,-0.35584580
5.91499996,-0.35584580
5.91999996,-0.35584580
5.92499996,-0.35584580
5.92999996,-0.35584580
5.93499996,-0.35584580
5.93999996,-0.35584580
5.94499996,-0.35584580
5.94999996,-0.35584580
5.95499996,-0.35584580
5.95999996,-0.35584580
5.96499996,-0.35584580
5.96999996,-0.35584580
5.97499996,-0.35584580
5.97999996,-0.35584580
5.98499996,-0.35584580
5.98999996,-0.35584580
5.99499996,-0.35584580
5.99999996,-0.35584580
6.00499996,-0.35584580
6.00999996,-0.35584580
6.01499996,-0.35584580
6.01999996,-0.35584580
6.02499996,-0.35584580
6.02999996,-0.35584580
6.03499996,-0.35584580
6.03999996,-0.35584580
6.04499996,-0.35584580
6.04999996,-0.35584580
6.05499996,-0.35584580
6.05999996,-0.35584580
6.06499996,-0.35584580
6.06999996,-0.35584580
6.07499996,-0.35584580
6.07999996,-0.35584580
6.08499996,-0.35584580
6.08999996,-0.35584580
6.09499996,-0.35584580
6.09999996,-0.35584580
6.10499996,-0.35584580
6.10999996,-0.35584580
6.11499996,-0.35584580
6.11999996,-0.35584580
6.12499996,-0.35584580
6.12999996,-0.35584580
6.13499996,-0.35584580
6.13999996,-0.35584580
6.14499996,-0.35584580
6.14999996,-0.35584580
6.15499996,-0.35584580
6.15999996,-0.35584580
6.16499996,-0.35584580
6.16999996,-0.35584580
6.17499996,-0.35584580
6.17999996,-0.35584580
6.18499996,-0.35584580
6.18999996,-0.35584580
6.19499996,-0.35584580
6.19999996,-0.35584580
6.20499996,-0.35584580
6.20999996,-0.35584580
6.21499996,-0.35584580
6.21999996,-0.35584580
6.22499996,-0.35584580
6.22999996,-0.35584580
6.23499996,-0.35584580
6.23999996,-0.35584580
6.24499996,-0.35584580
6.24999996,-0.35584580
6.25499996,-0.35584580
6.25999996,-0.35584580
6.26499996,-0.35584580
6.26999996,-0.35584580
6.27499996,-0.35584580
6.27999996,-0.35584580
6.28499996,-0.35584580
6.28999996,-0.35584580
6.29499996,-0.35584580
6.29999996,-0.35584580
6.30499996,-0.35584580
6.30999996,-0.35584580
6.31499996,-0.35584580
6.31999996,-0.35584580
6.32499996,-0.35584580
6.32999996,-0.35584580
6.33499996,-0.35584580
6.33999996,-0.35584580
6.34499996,-0.35584580
6.34999996,-0.35584580
6.35499996,-0.35584580
6.35999996,-0.35584580
6.36499996,-0.35584580
6.36999996,-0.35584580
6.37499996,-0.35584580
6.37999996,-0.35584580
6.38499996,-0.35584580
6.38999996,-0.35584580
6.39499996,-0.35584580
6.39999996,-0.35584580
6.40499996,-0.35584580
6.40999996,-0.35584580
6.41499996,-0.35584580
6.41999996,-0.35584580
6.42499996,-0.35584580
6.42999996,-0.35584580
6.43499996,-0.35584580
6.43999996,-0.35584580
6.44499996,-0.35584580
6.44999996,-0.35584580
6.45499996,-0.35584580
6.45999996,-0.35584580
6.46499996,-0.35584580
6.46999996,-0.35584580
6.47499996,-0.35584580
6.47999996,-0.35584580
6.48499996,-0.35584580
6.48999996,-0.35584580
6.49499996,-0.35584580
6.49999996,-0.35584580
6.50499996,-0.35584580
6.50999996,-0.35584580
6.51499996,-0.35584580
6.51999996,-0.35584580
6.52499996,-0.35584580
6.52999996,-0.35584580
6.53499996,-0.35584580
6.53999996,-0.35584580
6.54499996,-0.35584580
6.54999996,-0.35584580
6.55499996,-0.35584580
6.55999996,-0.35706660
6.56499996,-0.36255990
6.56999996,-0.33600880
6.57499996,-0.27863400
6.57999996,-0.27863400
6.58499996,-0.33600880
6.58999996,-0.36255990
6.59499996,-0.35706660
6.59999996,-0.35584580
6.60499996,-0.35584580
6.60999996,-0.35584580
6.61499996,-0.35584580
6.61999996,-0.35584580
6.62499996,-0.35584580
6.62999996,-0.35584580
6.63499996,-0.35584580
6.63999996,-0.35584580
6.64499996,-0.35584580
6.64999996,-0.35584580
6.65499996,-0.35584580
6.65999996,-0.35584580
6.66499996,-0.35584580
6.66999996,-0.35584580
6.67499996,-0.35584580
6.67999996,-0.35584580
6.68499996,-0.35584580
6.68999996,-0.35584580
6.69499996,-0.35584580
6.69999996,-0.35706660
6.70499996,-0.36255990
6.70999996,-0.33722950
6.71499996,-0.28534810
6.71999996,-0.25879700
6.72499996,-0.25879700
6.72999996,-0.28534810
6.73499996,-0.33722950
6.73999996,-0.36378060
6.74499996,-0.36378060
6.74999996,-0.33722950
6.75499996,-0.28534810
6.75999996,-0.25879700
6.76499996,-0.25879700
6.76999996,-0.28534810
6.77499996,-0.33722950
6.77999996,-0.36378060
6.78499996,-0.36378060
6.78999996,-0.33600880
6.79499996,-0.27863400
6.79999996,-0.27863400
6.80499996,-0.33600880
6.80999996,-0.36378060
6.81499996,-0.36378060
6.81999996,-0.33600880
6.82499996,-0.27863400
6.82999996,-0.28015990
6.83499996,-0.34241770
6.83999996,-0.34241770
6.84499996,-0.28015990
6.84999996,-0.27863400
6.85499996,-0.33600880
6.85999996,-0.36378060
6.86499996,-0.36378060
6.86999996,-0.33722950
6.87499996,-0.28534810
6.87999996,-0.26001770
6.88499996,-0.26551100
6.88999996,-0.26673180
6.89499996,-0.26673180
6.89999996,-0.26673180
6.90499996,-0.26673180
6.90999996,-0.26673180
6.91499996,-0.26673180
6.91999996,-0.26673180
6.92499996,-0.26673180
6.92999996,-0.26673180
6.93499996,-0.26673180
6.93999996,-0.26673180
6.94499996,-0.26673180
6.94999996,-0.26673180
6.95499996,-0.26673180
6.95999996,-0.26673180
6.96499996,-0.26673180
6.96999996,-0.26673180
6.97499996,-0.26673180
6.97999996,-0.26673180
6.98499996,-0.26673180
6.98999996,-0.26673180
6.99499996,-0.26673180
6.99999996,-0.26673180
7.00499996,-0.26673180
7.00999996,-0.26551100
7.01499996,-0.26001770
7.01999996,-0.28656880
7.02499996,-0.34394360
7.02999996,-0.34394360
7.03499996,-0.28656880
7.03999996,-0.26001770
7.04499996,-0.26551100
7.04999996,-0.26673180
7.05499996,-0.26673180
7.05999996,-0.26673180
7.06499996,-0.26673180
7.06999996,-0.26673180
7.07499996,-0.26673180
7.07999996,-0.26673180
7.08499996,-0.26673180
7.08999996,-0.26673180
7.09499996,-0.26673180
7.09999996,-0.26673180
7.10499996,-0.26673180
7.10999996,-0.26673180
7.11499996,-0.26673180
7.11999996,-0.26673180
7.12499996,-0.26673180
7.12999996,-0.26673180
7.13499996,-0.26673180
7.13999996,-0.26673180
7.14499996,-0.26673180
7.14999996,-0.26673180
7.15499996,-0.26673180
7.15999996,-0.26673180
7.16499996,-0.26673180
7.16999996,-0.26795250
7.17499996,-0.27344580
7.17999996,-0.24689470
7.18499996,-0.18951990
7.18999996,-0.18951990
7.19499996,-0.24689470
7.19999996,-0.27344580
7.20499996,-0.26795250
7.20999996,-0.26673180
7.21499996,-0.26673180
7.21999996,-0.26673180
7.22499996,-0.26673180
7.22999996,-0.26673180
7.23499996,-0.26673180
7.23999996,-0.26673180
7.24499996,-0.26673180
7.24999996,-0.26673180
7.25499996,-0.26673180
7.25999996,-0.26673180
7.26499996,-0.26673180
7.26999996,-0.26673180
7.27499996,-0.26673180
7.27999996,-0.26673180
7.28499996,-0.26673180
7.28999996,-0.26673180
7.29499996,-0.26673180
7.29999996,-0.26673180
7.30499996,-0.26673180
7.30999996,-0.26673180
7.31499996,-0.26673180
7.31999996,-0.26673180
7.32499996,-0.26673180
7.32999996,-0.26673180
7.33499996,-0.26673180
7.33999996,-0.26795250
7.34499996,-0.27344580
7.34999996,-0.24689470
7.35499996,-0.18951990
7.35999996,-0.18951990
7.36499996,-0.24689470
7.36999996,-0.27344580
7.37499996,-0.26795250
7.37999996,-0.26673180
7.38499996,-0.26673180
7.38999996,-0.26673180
7.39499996,-0.26673180
7.39999996,-0.26673180
7.40499995,-0.26673180
7.40999995,-0.26673180
7.41499995,-0.26673180
7.41999995,-0.26673180
7.42499995,-0.26673180
7.42999995,-0.26795250
7.43499995,-0.27344580
7.43999995,-0.24811550
7.44499995,-0.19623400
7.44999995,-0.17090370
7.45499995,-0.17639700
7.45999995,-0.17639700
7.46499995,-0.17090370
7.46999995,-0.19623400
7.47499995,-0.24811550
7.47999995,-0.27466660
7.48499995,-0.27466660
7.48999995,-0.24811550
7.49499995,-0.19623400
7.49999995,-0.17090370
7.50499995,-0.17639700
7.50999995,-0.17761770
7.51499995,-0.17761770
7.51999995,-0.17761770
7.52499995,-0.17761770
7.52999995,-0.17761770
7.53499995,-0.17761770
7.53999995,-0.17761770
7.54499995,-0.17761770
7.54999995,-0.17761770
7.55499995,-0.17761770
7.55999995,-0.17761770
7.56499995,-0.17761770
7.56999995,-0.17761770
7.57499995,-0.17761770
7.57999995,-0.17761770
7.58499995,-0.17761770
7.58999995,-0.17761770
7.59499995,-0.17761770
7.59999995,-0.17761770
7.60499995,-0.17761770
7.60999995,-0.17761770
7.61499995,-0.17761770
7.61999995,-0.17761770
7.62499995,-0.17761770
7.62999995,-0.17761770
7.63499995,-0.17761770
7.63999995,-0.17761770
7.64499995,-0.17761770
7.64999995,-0.17639700
7.65499995,-0.17090370
7.65999995,-0.19745480
7.66499995,-0.25482960
7.66999995,-0.25482960
7.67499995,-0.19745480
7.67999995,-0.17090370
7.68499995,-0.17639700
7.68999995,-0.17761770
7.69499995,-0.17761770
7.69999995,-0.17761770
7.70499995,-0.17761770
7.70999995,-0.17761770
7.71499995,-0.17761770
7.71999995,-0.17761770
7.72499995,-0.17761770
7.72999995,-0.17761770
7.73499995,-0.17761770
7.73999995,-0.17761770
7.74499995,-0.17761770
7.74999995,-0.17761770
7.75499995,-0.17761770
7.75999995,-0.17883850
7.76499995,-0.18433180
7.76999995,-0.15778070
7.77499995,-0.10040590
7.77999995,-0.10193180
7.78499995,-0.16418960
7.78999995,-0.16418960
7.79499995,-0.10193180
7.79999995,-0.10040590
7.80499995,-0.15778070
7.80999995,-0.18433180
7.81499995,-0.17883850
7.81999995,-0.17761770
7.82499995,-0.17761770
7.82999995,-0.17761770
7.83499995,-0.17761770
7.83999995,-0.17761770
7.84499995,-0.17761770
7.84999995,-0.17761770
7.85499995,-0.17761770
7.85999995,-0.17761770
7.86499995,-0.17761770
7.86999995,-0.17883850
7.87499995,-0.18433180
7.87999995,-0.15900140
7.88499995,-0.10712000
7.88999995,-0.08056886
7.89499995,-0.08056886
7.89999995,-0.10712000
7.90499995,-0.15900140
7.90999995,-0.18555250
7.91499995,-0.18555250
7.91999995,-0.15900140
7.92499995,-0.10712000
7.92999995,-0.08056886
7.93499995,-0.08056886
7.93999995,-0.10834070
7.94499995,-0.16571550
7.94999995,-0.16418960
7.95499995,-0.10193180
7.95999995,-0.10193180
7.96499995,-0.16418960
7.96999995,-0.16571550
7.97499995,-0.10834070
7.97999995,-0.08178961
7.98499995,-0.08728294
7.98999995,-0.08850368
7.99499995,-0.08850368
7.99999995,-0.08850368
8.00499995,-0.08850368
8.00999995,-0.08850368
8.01499995,-0.08850368
8.01999995,-0.08850368
8.02499995,-0.08850368
8.02999995,-0.08850368
8.03499995,-0.08850368
8.03999995,-0.08850368
8.04499995,-0.08850368
8.04999995,-0.08850368
8.05499995,-0.08850368
8.05999995,-0.08850368
8.06499995,-0.08850368
8.06999995,-0.08850368
8.07499995,-0.08850368
8.07999995,-0.08850368
8.08499995,-0.08850368
8.08999995,-0.08850368
8.09499995,-0.08850368
8.09999995,-0.08850368
8.10499995,-0.08850368
8.10999995,-0.08850368
8.11499995,-0.08850368
8.11999995,-0.08850368
8.12499995,-0.08850368
8.12999995,-0.08850368
8.13499995,-0.08850368
8.13999995,-0.08850368
8.14499995,-0.08850368
8.14999995,-0.08850368
8.15499995,-0.08850368
8.15999995,-0.08850368
8.16499995,-0.08850368
8.16999995,-0.08850368
8.17499995,-0.08850368
8.17999995,-0.08850368
8.18499995,-0.08850368
8.18999995,-0.08850368
8.19499995,-0.08850368
8.19999995,-0.08850368
8.20499995,-0.08850368
8.20999995,-0.08850368
8.21499995,-0.08850368
8.21999995,-0.08850368
8.22499995,-0.08850368
8.22999995,-0.08850368
8.23499995,-0.08850368
8.23999995,-0.08850368
8.24499995,-0.08850368
8.24999995,-0.08850368
8.25499995,-0.08850368
8.25999995,-0.08850368
8.26499995,-0.08850368
8.26999995,-0.08850368
8.27499995,-0.08850368
8.27999995,-0.08850368
8.28499995,-0.08850368
8.28999995,-0.08850368
8.29499995,-0.08850368
8.29999995,-0.08850368
8.30499995,-0.08850368
8.30999995,-0.08850368
8.31499995,-0.08850368
8.31999995,-0.08850368
8.32499995,-0.08850368
8.32999995,-0.08850368
8.33499995,-0.08850368
8.33999995,-0.08972442
8.34499995,-0.09521775
8.34999995,-0.06866664
8.35499995,-0.01129185
8.35999995,-0.01129185
8.36499995,-0.06866664
8.36999995,-0.09521775
8.37499995,-0.08972442
8.37999995,-0.08850368
8.38499995,-0.08850368
8.38999995,-0.08850368
8.39499995,-0.08850368
8.39999995,-0.08850368
8.40499995,-0.08850368
8.40999995,-0.08972442
8.41499995,-0.09521775
8.41999995,-0.06866664
8.42499995,-0.01129185
8.42999995,-0.01129185
8.43499995,-0.06866664
8.43999995,-0.09521775
8.44499995,-0.08972442
8.44999995,-0.08972442
8.45499995,-0.09521775
8.45999995,-0.06988738
8.46499995,-0.01800592
8.46999995,0.00854518
8.47499995,0.00854518
8.47999995,-0.01922666
8.48499995,-0.07660146
8.48999995,-0.07507554
8.49499995,-0.01281777
8.49999995,-0.01129185
8.50499995,-0.06866664
8.50999995,-0.09521775
8.51499995,-0.08972442
8.51999995,-0.08850368
8.52499995,-0.08850368
8.52999995,-0.08972442
8.53499995,-0.09521775
8.53999995,-0.06988738
8.54499995,-0.01800592
8.54999995,0.00854518
8.55499995,0.00854518
8.55999995,-0.01922666
8.56499995,-0.07660146
8.56999995,-0.07660146
8.57499995,-0.01922666
8.57999995,0.00854518
8.58499995,0.00854518
8.58999995,-0.01922666
8.59499995,-0.07660146
8.59999995,-0.07660146
8.60499995,-0.01922666
8.60999995,0.00732444
8.61499995,0.00183111
8.61999995,0.00061037
8.62499995,0.00061037
8.62999995,0.00061037
8.63499995,0.00061037
8.63999995,0.00061037
8.64499995,0.00061037
8.64999995,0.00061037
8.65499995,0.00061037
8.65999995,0.00061037
8.66499995,0.00061037
8.66999995,0.00061037
8.67499995,0.00061037
8.67999995,0.00061037
8.68499995,0.00061037
8.68999995,0.00061037
8.69499995,0.00061037
8.69999995,0.00061037
8.70499995,0.00061037
8.70999995,0.00061037
8.71499995,0.00061037
8.71999995,0.00061037
8.72499995,0.00061037
8.72999995,0.00061037
8.73499995,0.00061037
8.73999995,0.00061037
8.74499995,0.00061037
8.74999995,0.00061037
8.75499995,0.00061037
8.75999995,0.00061037
8.76499995,0.00061037
8.76999995,0.00061037
8.77499995,0.00061037
8.77999995,0.00061037
8.78499995,0.00061037
8.78999995,0.00061037
8.79499995,0.00061037
8.79999995,0.00061037
8.80499995,0.00061037
8.80999995,0.00061037
8.81499995,0.00061037
8.81999995,0.00061037
8.82499995,0.00061037
8.82999995,-0.00061037
8.83499995,-0.00610370
8.83999995,0.02044740
8.84499995,0.07782220
8.84999995,0.07782220
8.85499995,0.02044740
8.85999995,-0.00610370
8.86499995,-0.00061037
8.86999995,0.00061037
8.87499995,0.00061037
8.87999995,0.00061037
8.88499995,0.00061037
8.88999995,0.00061037
8.89499995,0.00061037
8.89999995,0.00061037
8.90499995,0.00061037
8.90999995,0.00061037
8.91499995,0.00061037
8.91999995,0.00061037
8.92499995,0.00061037
8.92999995,-0.00061037
8.93499995,-0.00610370
8.93999995,0.02044740
8.94499995,0.07782220
8.94999995,0.07782220
8.95499995,0.02044740
8.95999995,-0.00610370
8.96499995,-0.00061037
8.96999995,0.00061037
8.97499995,0.00061037
8.97999995,0.00061037
8.98499995,0.00061037
8.98999995,0.00061037
8.99499995,0.00061037
8.99999995,0.00061037
9.00499995,0.00061037
9.00999995,0.00061037
9.01499995,0.00061037
9.01999995,0.00061037
9.02499995,0.00061037
9.02999995,-0.00061037
9.03499995,-0.00610370
9.03999995,0.01922666
9.04499995,0.07110813
9.04999994,0.09643849
9.05499994,0.09094516
9.05999994,0.08972442
9.06499994,0.08972442
9.06999994,0.08972442
9.07499994,0.08972442
9.07999994,0.08972442
9.08499994,0.08972442
9.08999994,0.09094516
9.09499994,0.09643849
9.09999994,0.07110813
9.10499994,0.01922666
9.10999994,-0.00732444
9.11499994,-0.00732444
9.11999994,0.01922666
9.12499994,0.07110813
9.12999994,0.09643849
9.13499994,0.09094516
9.13999994,0.08972442
9.14499994,0.08972442
9.14999994,0.08972442
9.15499994,0.08972442
9.15999994,0.08972442
9.16499994,0.08972442
9.16999994,0.08972442
9.17499994,0.08972442
9.17999994,0.08972442
9.18499994,0.08972442
9.18999994,0.08972442
9.19499994,0.08972442
9.19999994,0.08972442
9.20499994,0.08972442
9.20999994,0.08972442
9.21499994,0.08972442
9.21999994,0.08972442
9.22499994,0.08972442
9.22999994,0.08972442
9.23499994,0.08972442
9.23999994,0.08972442
9.24499994,0.08972442
9.24999994,0.08972442
9.25499994,0.08972442
9.25999994,0.08972442
9.26499994,0.08972442
9.26999994,0.08972442
9.27499994,0.08972442
9.27999994,0.08972442
9.28499994,0.08972442
9.28999994,0.08972442
9.29499994,0.08972442
9.29999994,0.08972442
9.30499994,0.08972442
9.30999994,0.08972442
9.31499994,0.08972442
9.31999994,0.08972442
9.32499994,0.08972442
9.32999994,0.08972442
9.33499994,0.08972442
9.33999994,0.08972442
9.34499994,0.08972442
9.34999994,0.08972442
9.35499994,0.08972442
9.35999994,0.08972442
9.36499994,0.08972442
9.36999994,0.08972442
9.37499994,0.08972442
9.37999994,0.08972442
9.38499994,0.08972442
9.38999994,0.08972442
9.39499994,0.08972442
9.39999994,0.08972442
9.40499994,0.08972442
9.40999994,0.08972442
9.41499994,0.08972442
9.41999994,0.08972442
9.42499994,0.08972442
9.42999994,0.08972442
9.43499994,0.08972442
9.43999994,0.08972442
9.44499994,0.08972442
9.44999994,0.08972442
9.45499994,0.08972442
9.45999994,0.08850368
9.46499994,0.08301035
9.46999994,0.10956150
9.47499994,0.16693620
9.47999994,0.16693620
9.48499994,0.10956150
9.48999994,0.08301035
9.49499994,0.08850368
9.49999994,0.08850368
9.50499994,0.08301035
9.50999994,0.10956150
9.51499994,0.16693620
9.51999994,0.16693620
9.52499994,0.10956150
9.52999994,0.08178961
9.53499994,0.08178961
9.53999994,0.10956150
9.54499994,0.16693620
9.54999994,0.16693620
9.55499994,0.10956150
9.55999994,0.08301035
9.56499994,0.08850368
9.56999994,0.08850368
9.57499994,0.08301035
9.57999994,0.10956150
9.58499994,0.16693620
9.58999994,0.16693620
9.59499994,0.10956150
9.59999994,0.08301035
9.60499994,0.08850368
9.60999994,0.08972442
9.61499994,0.08972442
9.61999994,0.08972442
9.62499994,0.08972442
9.62999994,0.08972442
9.63499994,0.08972442
9.63999994,0.08850368
9.64499994,0.08301035
9.64999994,0.10834070
9.65499994,0.16022220
9.65999994,0.18555250
9.66499994,0.18005920
9.66999994,0.17883850
9.67499994,0.17883850
9.67999994,0.18005920
9.68499994,0.18555250
9.68999994,0.16022220
9.69499994,0.10834070
9.69999994,0.08178961
9.70499994,0.08178961
9.70999994,0.10834070
9.71499994,0.16022220
9.71999994,0.18677330
9.72499994,0.18677330
9.72999994,0.15900140
9.73499994,0.10162660
9.73999994,0.10315260
9.74499994,0.16541030
9.74999994,0.16693620
9.75499994,0.10956150
9.75999994,0.08178961
9.76499994,0.08178961
9.76999994,0.10834070
9.77499994,0.16022220
9.77999994,0.18555250
9.78499994,0.18005920
9.78999994,0.17883850
9.79499994,0.17883850
9.79999994,0.17883850
9.80499994,0.17883850
9.80999994,0.17883850
9.81499994,0.17883850
9.81999994,0.17883850
9.82499994,0.17883850
9.82999994,0.17883850
9.83499994,0.17883850
9.83999994,0.17883850
9.84499994,0.17883850
9.84999994,0.17883850
9.85499994,0.17883850
9.85999994,0.17883850
9.86499994,0.17883850
9.86999994,0.17883850
9.87499994,0.17883850
9.87999994,0.17883850
9.88499994,0.17883850
9.88999994,0.18005920
9.89499994,0.18555250
9.89999994,0.15900140
9.90499994,0.10162660
9.90999994,0.10162660
9.91499994,0.15900140
9.91999994,0.18555250
9.92499994,0.18005920
9.92999994,0.17883850
9.93499994,0.17883850
9.93999994,0.17883850
9.94499994,0.17883850
9.94999994,0.17883850
9.95499994,0.17883850
9.95999994,0.17883850
9.96499994,0.17883850
9.96999994,0.17883850
9.97499994,0.17883850
9.97999994,0.17883850
9.98499994,0.17883850
9.98999994,0.17883850
9.99499994,0.17883850
9.99999994,0.17883850
10.00499994,0.17883850
10.00999994,0.17883850
10.01499994,0.17883850
10.01999994,0.17761770
10.02499994,0.17212440
10.02999994,0.19867550
10.03499994,0.00000000
10.03999994,0.00000000
